{"cameraMode":{"drawMode":0,"name":"Shaded","section":"Shading Mode"},"sceneLighting":true,"audioPlay":false,"sceneViewState":{"m_AlwaysRefresh":false,"showFog":true,"showSkybox":true,"showFlares":true,"showImageEffects":true,"showParticleSystems":true,"showVisualEffectGraphs":true,"m_FxEnabled":true},"in2DMode":false,"pivot":{"x":40.93831253051758,"y":-2.2431230545043947,"z":36.61191177368164},"rotation":{"x":-0.09119155257940293,"y":-0.22904036939144135,"z":0.021474052220582963,"w":-0.9690442085266113},"size":13.47999382019043,"orthographic":false}