{"cameraMode":{"drawMode":0,"name":"Shaded","section":"Shading Mode"},"sceneLighting":true,"audioPlay":false,"sceneViewState":{"m_AlwaysRefresh":false,"showFog":true,"showSkybox":true,"showFlares":true,"showImageEffects":true,"showParticleSystems":true,"showVisualEffectGraphs":true,"m_FxEnabled":true},"in2DMode":false,"pivot":{"x":26.677907943725587,"y":15.916075706481934,"z":11.255780220031739},"rotation":{"x":0.10267359018325806,"y":-0.8038979172706604,"z":0.14528441429138184,"w":0.567975640296936},"size":0.8660253882408142,"orthographic":false}